Model,ROC-AUC (mean),ROC-AUC (std),PR-AUC (mean),PR-AUC (std),F1 (mean),F1 (std)
LogReg (balanced),1.0,0.0,1.0,0.0,0.96,0.07999999999999999
RandomForest (balanced),1.0,0.0,1.0,0.0,0.96,0.07999999999999999
GradBoost,0.9666666666666666,0.0666666666666667,0.9533333333333334,0.09333333333333335,0.96,0.07999999999999999
